디폴트옵션 고객/매수 중심 FAQ 100선 (사내공유 + 연금AI 학습용),,,,,,,
,,,,,,,
작성 기준일,2026-03-13 00:00:00,,,,,,
작성 목적,① 사내 게시/공유용 FAQ 초안 ② 연금AI 어시스턴트 학습용 구조화 데이터,,,,,,
작성 범위,"고용노동부 공식 FAQ·추가 FAQ, 현행 법령/시행령/행정규칙, 최신 분기 공시/보도자료를 반영",,,,,,
중복 회피 기준,"기존 2023년 당사 배포본의 일반 소개·회사 절차·근로자대표 동의 중심 문항은 최대한 배제하고, 고객·가입자·매수·보유·만기·옵트인 중심 케이스로 재구성",,,,,,
AI 분기 우선순위,1) 옵트인인지 / 자동매수인지 / 일반 운용지시인지 구분 → 2) 실제 디폴트옵션 보유 수 확인 → 3) 현재 보유와 미래 지정의 분리 여부 확인 → 4) 만기자금/대기성자금/포트폴리오 여부 확인,,,,,,
활용 유의사항,"상품명, 주문 가능 시간, 일부 UI 문구, 계좌 처리 방식은 사업자 시스템별 차이가 있을 수 있으므로 대고객 배포 전 내부 운영 기준과 문구 재확인이 필요",,,,,,
,,,,,,,
최신 업데이트 체크,,,,,,,
U1,"제도 뼈대(옵트인 요건, 4주+2주 절차, 변경 후 14일)는 유지되고 있음",,,,,,"S3,S4"
U2,"고용노동부 2025년말 공시 기준 디폴트옵션 적립금 53조원, 지정가입자 734만명, 승인상품 319개, 금융기관 41개",,,,,,S5
U3,고용노동부는 디폴트옵션 정보를 매분기 고용노동부 홈페이지와 금융감독원 통합연금포털을 통해 공시한다고 안내,,,,,,"S6,S8"
U4,비교공시 작성기준이 2025-03-24 개정되며 디폴트옵션은 세부 구성상품별 공시가 명확화됨,,,,,,S7
U5,"본 FAQ는 사용자(회사) 절차보다 가입자/고객의 질문, 특히 '매수 가능 여부'와 '만기 후 처리'에 초점을 맞춤",,,,,,내부 검토 메모
,,,,,,,
시트 안내,,,,,,,
FAQ_100,"AI학습용 핵심 시트. 대표질문, 유사표현, 표준답변, AI분기포인트, 근거ID가 포함됩니다.",,,,,,
Sources,근거ID별 설명과 URL을 정리한 시트입니다.,,,,,,
