SourceID,설명,URL,비고
S1,고용노동부 사전지정운용제도 FAQ(배포용) PDF,https://www.moel.go.kr/common/downloadFile.do?bbs_id=12&bbs_seq=13711&file_ext=pdf&file_seq=20220700292,첨부 분석본과 동일 계열의 공식 FAQ 원문
S2,고용노동부 사전지정운용제도 FAQ 추가 PDF,https://www.moel.go.kr/common/downloadFile.do?bbs_id=29&bbs_seq=20220700173&file_ext=pdf&file_seq=20220900691,복수 보유·포트폴리오 변경 등 추가 해석 포함
S3,근로자퇴직급여 보장법,https://www.law.go.kr/LSW/lsInfoP.do?ancYnChk=0&lsId=009883,"제21조의3, 제21조의4 관련"
S4,근로자퇴직급여 보장법 시행령,https://www.law.go.kr/LSW/lsInfoP.do?lsiSeq=262801,"제13조의3, 제13조의4 등 관련"
S5,고용노동부 2025년말 디폴트옵션 공시 보도자료(2026-02-27),https://www.moel.go.kr/news/enews/report/enewsView.do?news_seq=19008,"53조원·734만명·319개 상품·41개 기관, 유형별 수익률"
S6,고용노동부 2024년 2분기 디폴트옵션 공시 보도자료(2024-08-13),https://moel.go.kr/news/enews/report/enewsView.do?news_seq=16933,"분기 공시, 통합연금포털 공시 안내"
S7,비교공시항목 작성기준(개정 2025-03-24) PDF,https://www.law.go.kr/LSW/flDownload.do?bylClsCd=200201&flNm=%5B%EB%B3%84%ED%91%9C+1%5D+%EB%B9%84%EA%B5%90%EA%B3%B5%EC%8B%9C%ED%95%AD%EB%AA%A9+%EC%9E%91%EC%84%B1%EA%B8%B0%EC%A4%80%28%EC%A0%9C7%EC%A1%B0+%EA%B4%80%EB%A0%A8%29&flSeq=150471089,디폴트옵션 구성상품별 공시 명확화
S8,금융감독원 통합연금포털,https://100lifeplan.fss.or.kr,퇴직연금·디폴트옵션 비교공시 확인 경로
S9,사전지정운용방법의 승인 요건 및 가입자에 대한 정보제공 사항에 대한 고시,https://www.law.go.kr/LSW/admRulLsInfoP.do?admRulSeq=2100000233848,승인요건·정보제공 관련 행정규칙
